Var,PC1
Proportion Var,0.37
Eigenvalue,1.1014709106006793
Theta,0.13818464422089383
