Var,PC1
Proportion Var,0.82
Eigenvalue,1.6455604205010785
Theta,0.7846085898255906
