Var,PC1
Proportion Var,0.35
Eigenvalue,1.0405340259288192
Theta,0.058432533082188765
